{"Configuration":{"Script":null,"UseAbsolutePath":true,"Arguments":[],"SourceDirectoryDataStore":null,"Framework":0,"Target":"Serverless","AutoClusterComputeSpecification":{"InstanceSize":"Standard_DS3_v2","InstancePriority":"Dedicated","OsType":null,"Location":null,"RuntimeVersion":null},"DataReferences":{},"Data":{},"OutputData":{},"Datacaches":[],"JobName":null,"MaxRunDurationSeconds":null,"NodeCount":null,"MaxNodeCount":3,"InstanceTypes":[],"Priority":null,"CredentialPassthrough":false,"Identity":null,"Environment":{"Name":"AzureML-AutoML","Version":"167","AssetId":"azureml://registries/azureml/environments/AzureML-AutoML/versions/167","AutoRebuild":true,"Python":{"InterpreterPath":"python","UserManagedDependencies":true,"CondaDependencies":null,"BaseCondaEnvironment":null},"EnvironmentVariables":{"EXAMPLE_ENV_VAR":"EXAMPLE_VALUE"},"Docker":{"BaseImage":null,"Platform":{"Os":"Linux","Architecture":"amd64"},"BaseDockerfile":"FROM mcr.microsoft.com/azureml/openmpi4.1.0-ubuntu20.04:20240304.v1\n\nENV AZUREML_CONDA_ENVIRONMENT_PATH /azureml-envs/azureml-automl\nENV PATH $AZUREML_CONDA_ENVIRONMENT_PATH/bin:$PATH\n\nCOPY --from=mcr.microsoft.com/azureml/mlflow-ubuntu20.04-py38-cpu-inference:20230306.v3 /var/mlflow_resources/mlflow_score_script.py /var/mlflow_resources/mlflow_score_script.py\n\nENV MLFLOW_MODEL_FOLDER=\"mlflow-model\"\n# ENV AML_APP_ROOT=\"/var/mlflow_resources\"\n# ENV AZUREML_ENTRY_SCRIPT=\"mlflow_score_script.py\"\n\nENV ENABLE_METADATA=true\n\n# begin conda create\n# Create conda environment\nRUN conda create -p $AZUREML_CONDA_ENVIRONMENT_PATH \\\n    python=3.9 \\\n    # begin conda dependencies\n    pip \\\n    py-cpuinfo=5.0.0 \\\n    joblib=1.2.0 \\\n    setuptools-git \\\n    'psutil>5.0.0,<6.0.0' \\\n    # end conda dependencies\n    -c conda-forge -c pytorch -c anaconda && \\\n    conda run -p $AZUREML_CONDA_ENVIRONMENT_PATH && \\\n    conda clean -a -y\n# end conda create\n\n# begin pip install\n# Install pip dependencies\nRUN pip install  \\\n                # begin pypi dependencies\n                'azureml-core==1.55.0.post2' \\\n                'azureml-mlflow==1.55.0' \\\n                'azureml-pipeline-core==1.55.0' \\\n                'azureml-telemetry==1.55.0' \\\n                'azureml-interpret==1.55.0' \\\n                'azureml-responsibleai==1.55.0' \\\n                'azureml-automl-core==1.55.0.post2' \\\n                'azureml-automl-runtime==1.55.0.post1' \\\n                'azureml-train-automl-client==1.55.0' \\\n                'azureml-train-automl-runtime==1.55.0.post1' \\\n                'azureml-train-automl==1.55.0' \\\n                'azureml-dataset-runtime==1.55.0' \\\n                'azureml-defaults==1.55.0' \\\n                # TODO: replace the hard coded above by a referenceto azureml-train-automl[tabular]\n                'mlflow-skinny==2.9.2' \\\n                'torch==1.13.1' \\\n                'xgboost==1.3.3' \\\n                'prophet==1.1.4' \\\n                'inference-schema' \\\n                'mltable>=1.0.0'\n                # end pypi dependencies\n# end pip install\n\n# begin pip ad-hoc\n# Install pip ad-hoc dependencies for security updates\nRUN pip install --upgrade 'pyarrow==14.0.2'\n# end pip ad-hoc\n\n","BaseImageRegistry":{"Address":null,"Username":null,"Password":null},"Enabled":false,"Arguments":[]},"Spark":{"Repositories":[],"Packages":[],"PrecachePackages":true},"InferencingStackVersion":null},"History":{"OutputCollection":true,"DirectoriesToWatch":["logs"],"EnableMLflowTracking":true},"Spark":{"Configuration":{}},"ParallelTask":{"MaxRetriesPerWorker":0,"WorkerCountPerNode":1,"TerminalExitCodes":null,"Configuration":{}},"BatchAi":{"NodeCount":0},"AmlCompute":{"Name":"Serverless","VmSize":null,"RetainCluster":false,"ClusterMaxNodeCount":3},"AISuperComputer":{"InstanceType":"D2","FrameworkImage":null,"ImageVersion":null,"Location":null,"AISuperComputerStorageData":null,"Interactive":false,"ScalePolicy":null,"VirtualClusterArmId":null,"TensorboardLogDirectory":null,"SSHPublicKey":null,"SSHPublicKeys":null,"EnableAzmlInt":true,"Priority":"Medium","SLATier":"Standard","UserAlias":null},"KubernetesCompute":{"InstanceType":null},"Tensorflow":{"WorkerCount":0,"ParameterServerCount":0},"Mpi":{"ProcessCountPerNode":0},"PyTorch":{"CommunicationBackend":null,"ProcessCount":null},"Hdi":{"YarnDeployMode":0},"ContainerInstance":{"Region":null,"CpuCores":2.0,"MemoryGb":3.5},"ExposedPorts":null,"Docker":{"UseDocker":true,"SharedVolumes":null,"ShmSize":null,"Arguments":null},"Cmk8sCompute":{"Configuration":{}},"CommandReturnCodeConfig":{"ReturnCode":0,"SuccessfulReturnCodes":[]},"EnvironmentVariables":{"AUTOML_SDK_RESOURCE_URL":"https://aka.ms/automl-resources/"},"ApplicationEndpoints":{},"Parameters":[]},"Attribution":null,"TelemetryValues":null,"Overrides":null,"SnapshotId":null,"Snapshots":[],"SourceCodeDataReference":null,"ParentRunId":null,"DataContainerId":null,"RunType":null,"DisplayName":null,"EnvironmentAssetId":null,"Properties":{},"Tags":{},"AggregatedArtifactPath":null}